Departure;Destination;Name;Address;City;State;Zip;Card;Number;Month;Year;NmCard
Paris;Buenos Aires;John Smith;50 John street;Paris;Solid;24581;Visa;4444555566667770;1;2016;John Smith
Philadelphia;Rome;Jeff Gordon;123 Fifth Avenue;Philadelphia;Solid;24581;Master;5555111122223330;2;2017;Jeff Gordon
Boston;London;John Smith;50 John street;Boston;Solid;24581;Visa;4444555566667770;3;2018;John Smith
Portland;Berlin;Jeff Gordon;123 Fifth Avenue;Portland;Solid;24581;Master;5555111122223330;4;2019;Jeff Gordon
San Diego;New York;John Smith;50 John street;San Diego;Solid;24581;Visa;4444555566667770;5;2020;John Smith
Mexico City;Dublin;Jeff Gordon;123 Fifth Avenue;Mexico City;Solid;24581;Master;5555111122223330;6;2021;Jeff Gordon
São Paolo;Cairo;John Smith;50 John street;São Paolo;Solid;24581;Visa;4444555566667770;7;2022;John Smith
Paris;Rome;Jeff Gordon;123 Fifth Avenue;Paris;Solid;24581;Master;5555111122223330;8;2023;Jeff Gordon
Paris;Buenos Aires;John Smith;51 John street;Paris;Solid;24581;Visa;4444555566667770;9;2024;John Smith
Philadelphia;Rome;Jeff Gordon;124 Fifth Avenue;Philadelphia;Solid;24581;Master;5555111122223330;10;2025;Jeff Gordon
Boston;London;John Smith;51 John street;Boston;Solid;24581;Visa;4444555566667770;11;2026;John Smith
Portland;Berlin;Jeff Gordon;124 Fifth Avenue;Portland;Solid;24581;Master;5555111122223330;12;2027;Jeff Gordon
San Diego;New York;John Smith;52 John street;San Diego;Solid;24581;Visa;4444555566667770;1;2016;John Smith
Mexico City;Dublin;Jeff Gordon;125 Fifth Avenue;Mexico City;Solid;24581;Master;5555111122223330;2;2017;Jeff Gordon
São Paolo;Cairo;John Smith;52 John street;São Paolo;Solid;24581;Visa;4444555566667770;3;2018;John Smith
Boston;Rome;Jeff Gordon;125 Fifth Avenue;Boston;Solid;24581;Master;5555111122223330;4;2019;Jeff Gordon
Portland;Buenos Aires;John Smith;53 John street;Portland;Solid;24581;Visa;4444555566667770;5;2020;John Smith
San Diego;Rome;Jeff Gordon;126 Fifth Avenue;San Diego;Solid;24581;Master;5555111122223330;6;2021;Jeff Gordon
Mexico City;London;John Smith;53 John street;Mexico City;Solid;24581;Visa;4444555566667770;7;2022;John Smith
São Paolo;Berlin;Jeff Gordon;126 Fifth Avenue;São Paolo;Solid;24581;Master;5555111122223330;8;2023;Jeff Gordon
Paris;New York;John Smith;54 John street;Paris;Solid;24581;Visa;4444555566667770;9;2024;John Smith
Paris;Dublin;Jeff Gordon;127 Fifth Avenue;Paris;Solid;24581;Master;5555111122223330;10;2025;Jeff Gordon
Philadelphia;Cairo;John Smith;54 John street;Philadelphia;Solid;24581;Visa;4444555566667770;11;2026;John Smith
Boston;Rome;Jeff Gordon;127 Fifth Avenue;Boston;Solid;24581;Master;5555111122223330;12;2027;Jeff Gordon
Portland;Buenos Aires;John Smith;55 John street;Portland;Solid;24581;Visa;4444555566667770;1;2016;John Smith
San Diego;Rome;Jeff Gordon;128 Fifth Avenue;San Diego;Solid;24581;Master;5555111122223330;2;2017;Jeff Gordon
Mexico City;London;John Smith;55 John street;Mexico City;Solid;24581;Visa;4444555566667770;3;2018;John Smith
São Paolo;Berlin;Jeff Gordon;128 Fifth Avenue;São Paolo;Solid;24581;Master;5555111122223330;4;2019;Jeff Gordon
Paris;New York;John Smith;56 John street;Paris;Solid;24581;Visa;4444555566667770;5;2020;John Smith
Philadelphia;Dublin;Jeff Gordon;129 Fifth Avenue;Philadelphia;Solid;24581;Master;5555111122223330;6;2021;Jeff Gordon
Boston;Cairo;John Smith;56 John street;Boston;Solid;24581;Visa;4444555566667770;7;2022;John Smith
Portland;Rome;Jeff Gordon;129 Fifth Avenue;Portland;Solid;24581;Master;5555111122223330;8;2023;Jeff Gordon
San Diego;Buenos Aires;John Smith;57 John street;San Diego;Solid;24581;Visa;4444555566667770;9;2024;John Smith
Mexico City;Rome;Jeff Gordon;130 Fifth Avenue;Mexico City;Solid;24581;Master;5555111122223330;10;2025;Jeff Gordon
São Paolo;London;John Smith;57 John street;São Paolo;Solid;24581;Visa;4444555566667770;11;2026;John Smith
Paris;Berlin;Jeff Gordon;130 Fifth Avenue;Paris;Solid;24581;Master;5555111122223330;12;2027;Jeff Gordon
Paris;New York;John Smith;58 John street;Paris;Solid;24581;Visa;4444555566667770;1;2016;John Smith
Philadelphia;Dublin;Jeff Gordon;131 Fifth Avenue;Philadelphia;Solid;24581;Master;5555111122223330;2;2017;Jeff Gordon
Boston;Cairo;John Smith;58 John street;Boston;Solid;24581;Visa;4444555566667770;3;2018;John Smith
Portland;Rome;Jeff Gordon;131 Fifth Avenue;Portland;Solid;24581;Master;5555111122223330;4;2019;Jeff Gordon
San Diego;Buenos Aires;John Smith;59 John street;San Diego;Solid;24581;Visa;4444555566667770;5;2020;John Smith
Mexico City;Rome;Jeff Gordon;132 Fifth Avenue;Mexico City;Solid;24581;Master;5555111122223330;6;2021;Jeff Gordon
São Paolo;London;John Smith;59 John street;São Paolo;Solid;24581;Visa;4444555566667770;7;2022;John Smith
Boston;Berlin;Jeff Gordon;132 Fifth Avenue;Boston;Solid;24581;Master;5555111122223330;8;2023;Jeff Gordon
Portland;New York;John Smith;60 John street;Portland;Solid;24581;Visa;4444555566667770;9;2024;John Smith
San Diego;Dublin;Jeff Gordon;133 Fifth Avenue;San Diego;Solid;24581;Master;5555111122223330;10;2025;Jeff Gordon
Mexico City;Cairo;John Smith;60 John street;Mexico City;Solid;24581;Visa;4444555566667770;11;2026;John Smith
São Paolo;Rome;Jeff Gordon;133 Fifth Avenue;São Paolo;Solid;24581;Master;5555111122223330;12;2027;Jeff Gordon
Paris;Buenos Aires;John Smith;61 John street;Paris;Solid;24581;Visa;4444555566667770;1;2016;John Smith
Paris;Rome;Jeff Gordon;134 Fifth Avenue;Paris;Solid;24581;Master;5555111122223330;2;2017;Jeff Gordon
Philadelphia;London;John Smith;61 John street;Philadelphia;Solid;24581;Visa;4444555566667770;3;2018;John Smith
Boston;Berlin;Jeff Gordon;134 Fifth Avenue;Boston;Solid;24581;Master;5555111122223330;4;2019;Jeff Gordon
Portland;New York;John Smith;62 John street;Portland;Solid;24581;Visa;4444555566667770;5;2020;John Smith
San Diego;Dublin;Jeff Gordon;135 Fifth Avenue;San Diego;Solid;24581;Master;5555111122223330;6;2021;Jeff Gordon
Mexico City;Cairo;John Smith;62 John street;Mexico City;Solid;24581;Visa;4444555566667770;7;2022;John Smith
São Paolo;Rome;Jeff Gordon;135 Fifth Avenue;São Paolo;Solid;24581;Master;5555111122223330;8;2023;Jeff Gordon
Mexico City;Buenos Aires;John Smith;63 John street;Mexico City;Solid;24581;Visa;4444555566667770;9;2024;John Smith
São Paolo;Rome;Jeff Gordon;136 Fifth Avenue;São Paolo;Solid;24581;Master;5555111122223330;10;2025;Jeff Gordon
Paris;London;John Smith;63 John street;Paris;Solid;24581;Visa;4444555566667770;11;2026;John Smith
Paris;Berlin;Jeff Gordon;136 Fifth Avenue;Paris;Solid;24581;Master;5555111122223330;12;2027;Jeff Gordon
Philadelphia;New York;John Smith;64 John street;Philadelphia;Solid;24581;Visa;4444555566667770;1;2016;John Smith
Boston;Dublin;Jeff Gordon;137 Fifth Avenue;Boston;Solid;24581;Master;5555111122223330;2;2017;Jeff Gordon
Portland;Cairo;John Smith;64 John street;Portland;Solid;24581;Visa;4444555566667770;3;2018;John Smith
San Diego;Rome;Jeff Gordon;137 Fifth Avenue;San Diego;Solid;24581;Master;5555111122223330;4;2019;Jeff Gordon
Mexico City;London;John Smith;65 John street;Mexico City;Solid;24581;Visa;4444555566667770;5;2020;John Smith
São Paolo;Berlin;Jeff Gordon;138 Fifth Avenue;São Paolo;Solid;24581;Master;5555111122223330;6;2021;Jeff Gordon
Boston;New York;John Smith;65 John street;Boston;Solid;24581;Visa;4444555566667770;7;2022;John Smith
Portland;Dublin;Jeff Gordon;138 Fifth Avenue;Portland;Solid;24581;Master;5555111122223330;8;2023;Jeff Gordon
San Diego;Cairo;John Smith;66 John street;San Diego;Solid;24581;Visa;4444555566667770;9;2024;John Smith
Mexico City;Rome;Jeff Gordon;139 Fifth Avenue;Mexico City;Solid;24581;Master;5555111122223330;10;2025;Jeff Gordon
São Paolo;Buenos Aires;John Smith;66 John street;São Paolo;Solid;24581;Visa;4444555566667770;11;2026;John Smith
Paris;Rome;Jeff Gordon;139 Fifth Avenue;Paris;Solid;24581;Master;5555111122223330;12;2027;Jeff Gordon
Paris;London;John Smith;67 John street;Paris;Solid;24581;Visa;4444555566667770;1;2016;John Smith
Philadelphia;Berlin;Jeff Gordon;140 Fifth Avenue;Philadelphia;Solid;24581;Master;5555111122223330;2;2017;Jeff Gordon
Boston;New York;John Smith;67 John street;Boston;Solid;24581;Visa;4444555566667770;3;2018;John Smith
Portland;Dublin;Jeff Gordon;140 Fifth Avenue;Portland;Solid;24581;Master;5555111122223330;4;2019;Jeff Gordon
San Diego;Cairo;John Smith;68 John street;San Diego;Solid;24581;Visa;4444555566667770;5;2020;John Smith
Mexico City;Rome;Jeff Gordon;141 Fifth Avenue;Mexico City;Solid;24581;Master;5555111122223330;6;2021;Jeff Gordon
São Paolo;Buenos Aires;John Smith;68 John street;São Paolo;Solid;24581;Visa;4444555566667770;7;2022;John Smith
Paris;Rome;Jeff Gordon;141 Fifth Avenue;Paris;Solid;24581;Master;5555111122223330;8;2023;Jeff Gordon
Philadelphia;London;John Smith;69 John street;Philadelphia;Solid;24581;Visa;4444555566667770;9;2024;John Smith
Boston;Berlin;Jeff Gordon;142 Fifth Avenue;Boston;Solid;24581;Master;5555111122223330;10;2025;Jeff Gordon
Portland;New York;John Smith;69 John street;Portland;Solid;24581;Visa;4444555566667770;11;2026;John Smith
San Diego;Dublin;Jeff Gordon;142 Fifth Avenue;San Diego;Solid;24581;Master;5555111122223330;12;2027;Jeff Gordon
Mexico City;Cairo;John Smith;70 John street;Mexico City;Solid;24581;Visa;4444555566667770;1;2016;John Smith
São Paolo;Rome;Jeff Gordon;143 Fifth Avenue;São Paolo;Solid;24581;Master;5555111122223330;2;2017;Jeff Gordon
Paris;Buenos Aires;John Smith;70 John street;Paris;Solid;24581;Visa;4444555566667770;3;2018;John Smith
Paris;Rome;Jeff Gordon;143 Fifth Avenue;Paris;Solid;24581;Master;5555111122223330;4;2019;Jeff Gordon
Philadelphia;London;John Smith;71 John street;Philadelphia;Solid;24581;Visa;4444555566667770;5;2020;John Smith
Boston;Berlin;Jeff Gordon;144 Fifth Avenue;Boston;Solid;24581;Master;5555111122223330;6;2021;Jeff Gordon
Portland;New York;John Smith;71 John street;Portland;Solid;24581;Visa;4444555566667770;7;2022;John Smith
San Diego;Dublin;Jeff Gordon;144 Fifth Avenue;San Diego;Solid;24581;Master;5555111122223330;8;2023;Jeff Gordon
Mexico City;Cairo;John Smith;72 John street;Mexico City;Solid;24581;Visa;4444555566667770;9;2024;John Smith
São Paolo;Rome;Jeff Gordon;145 Fifth Avenue;São Paolo;Solid;24581;Master;5555111122223330;10;2025;Jeff Gordon
Boston;Buenos Aires;John Smith;72 John street;Boston;Solid;24581;Visa;4444555566667770;11;2026;John Smith
Portland;Rome;Jeff Gordon;145 Fifth Avenue;Portland;Solid;24581;Master;5555111122223330;12;2027;Jeff Gordon
San Diego;London;John Smith;73 John street;San Diego;Solid;24581;Visa;4444555566667770;1;2016;John Smith
Mexico City;Berlin;Jeff Gordon;146 Fifth Avenue;Mexico City;Solid;24581;Master;5555111122223330;2;2017;Jeff Gordon
São Paolo;New York;John Smith;73 John street;São Paolo;Solid;24581;Visa;4444555566667770;3;2018;John Smith
Paris;Dublin;Jeff Gordon;146 Fifth Avenue;Paris;Solid;24581;Master;5555111122223330;4;2019;Jeff Gordon
Paris;Cairo;John Smith;74 John street;Paris;Solid;24581;Visa;4444555566667770;5;2020;John Smith
Philadelphia;Rome;Jeff Gordon;147 Fifth Avenue;Philadelphia;Solid;24581;Master;5555111122223330;6;2021;Jeff Gordon
Boston;New York;John Smith;74 John street;Boston;Solid;24581;Visa;4444555566667770;7;2022;John Smith
Portland;Dublin;Jeff Gordon;147 Fifth Avenue;Portland;Solid;24581;Master;5555111122223330;8;2023;Jeff Gordon
San Diego;Cairo;John Smith;75 John street;San Diego;Solid;24581;Visa;4444555566667770;9;2024;John Smith
Mexico City;Rome;Jeff Gordon;148 Fifth Avenue;Mexico City;Solid;24581;Master;5555111122223330;10;2025;Jeff Gordon
São Paolo;Buenos Aires;John Smith;75 John street;São Paolo;Solid;24581;Visa;4444555566667770;11;2026;John Smith
Portland;Rome;Jeff Gordon;148 Fifth Avenue;Portland;Solid;24581;Master;5555111122223330;12;2027;Jeff Gordon
San Diego;London;John Smith;76 John street;San Diego;Solid;24581;Visa;4444555566667770;1;2016;John Smith
Mexico City;Berlin;Jeff Gordon;149 Fifth Avenue;Mexico City;Solid;24581;Master;5555111122223330;2;2017;Jeff Gordon
São Paolo;New York;John Smith;76 John street;São Paolo;Solid;24581;Visa;4444555566667770;3;2018;John Smith
Paris;Dublin;Jeff Gordon;149 Fifth Avenue;Paris;Solid;24581;Master;5555111122223330;4;2019;Jeff Gordon
Paris;Cairo;John Smith;77 John street;Paris;Solid;24581;Visa;4444555566667770;5;2020;John Smith
Philadelphia;Rome;Jeff Gordon;150 Fifth Avenue;Philadelphia;Solid;24581;Master;5555111122223330;6;2021;Jeff Gordon
Boston;Buenos Aires;John Smith;77 John street;Boston;Solid;24581;Visa;4444555566667770;7;2022;John Smith
Portland;Rome;Jeff Gordon;150 Fifth Avenue;Portland;Solid;24581;Master;5555111122223330;8;2023;Jeff Gordon
San Diego;London;John Smith;78 John street;San Diego;Solid;24581;Visa;4444555566667770;9;2024;John Smith
Mexico City;Berlin;Jeff Gordon;151 Fifth Avenue;Mexico City;Solid;24581;Master;5555111122223330;10;2025;Jeff Gordon
São Paolo;New York;John Smith;78 John street;São Paolo;Solid;24581;Visa;4444555566667770;11;2026;John Smith
Boston;Dublin;Jeff Gordon;151 Fifth Avenue;Boston;Solid;24581;Master;5555111122223330;12;2027;Jeff Gordon
Portland;Cairo;John Smith;79 John street;Portland;Solid;24581;Visa;4444555566667770;1;2016;John Smith
San Diego;Rome;Jeff Gordon;152 Fifth Avenue;San Diego;Solid;24581;Master;5555111122223330;2;2017;Jeff Gordon
Mexico City;Buenos Aires;John Smith;79 John street;Mexico City;Solid;24581;Visa;4444555566667770;3;2018;John Smith
São Paolo;Rome;Jeff Gordon;152 Fifth Avenue;São Paolo;Solid;24581;Master;5555111122223330;4;2019;Jeff Gordon
Paris;London;John Smith;80 John street;Paris;Solid;24581;Visa;4444555566667770;5;2020;John Smith
Paris;Berlin;Jeff Gordon;153 Fifth Avenue;Paris;Solid;24581;Master;5555111122223330;6;2021;Jeff Gordon
Philadelphia;New York;John Smith;80 John street;Philadelphia;Solid;24581;Visa;4444555566667770;7;2022;John Smith
Boston;Dublin;Jeff Gordon;153 Fifth Avenue;Boston;Solid;24581;Master;5555111122223330;8;2023;Jeff Gordon
Portland;Cairo;John Smith;81 John street;Portland;Solid;24581;Visa;4444555566667770;9;2024;John Smith
San Diego;Rome;Jeff Gordon;154 Fifth Avenue;San Diego;Solid;24581;Master;5555111122223330;10;2025;Jeff Gordon
Mexico City;Buenos Aires;John Smith;81 John street;Mexico City;Solid;24581;Visa;4444555566667770;11;2026;John Smith
São Paolo;Rome;Jeff Gordon;154 Fifth Avenue;São Paolo;Solid;24581;Master;5555111122223330;12;2027;Jeff Gordon
Paris;London;John Smith;82 John street;Paris;Solid;24581;Visa;4444555566667770;1;2016;John Smith
Philadelphia;Berlin;Jeff Gordon;155 Fifth Avenue;Philadelphia;Solid;24581;Master;5555111122223330;2;2017;Jeff Gordon
Boston;New York;John Smith;82 John street;Boston;Solid;24581;Visa;4444555566667770;3;2018;John Smith
Portland;Dublin;Jeff Gordon;155 Fifth Avenue;Portland;Solid;24581;Master;5555111122223330;4;2019;Jeff Gordon
San Diego;Cairo;John Smith;83 John street;San Diego;Solid;24581;Visa;4444555566667770;5;2020;John Smith
Mexico City;Rome;Jeff Gordon;156 Fifth Avenue;Mexico City;Solid;24581;Master;5555111122223330;6;2021;Jeff Gordon
São Paolo;Buenos Aires;John Smith;83 John street;São Paolo;Solid;24581;Visa;4444555566667770;7;2022;John Smith
Paris;Rome;Jeff Gordon;156 Fifth Avenue;Paris;Solid;24581;Master;5555111122223330;8;2023;Jeff Gordon
Paris;London;John Smith;84 John street;Paris;Solid;24581;Visa;4444555566667770;9;2024;John Smith
Philadelphia;Berlin;Jeff Gordon;157 Fifth Avenue;Philadelphia;Solid;24581;Master;5555111122223330;10;2025;Jeff Gordon
Boston;New York;John Smith;84 John street;Boston;Solid;24581;Visa;4444555566667770;11;2026;John Smith
Portland;Dublin;Jeff Gordon;157 Fifth Avenue;Portland;Solid;24581;Master;5555111122223330;12;2027;Jeff Gordon
San Diego;Cairo;John Smith;85 John street;San Diego;Solid;24581;Visa;4444555566667770;1;2016;John Smith
Mexico City;Rome;Jeff Gordon;158 Fifth Avenue;Mexico City;Solid;24581;Master;5555111122223330;2;2017;Jeff Gordon
São Paolo;Buenos Aires;John Smith;85 John street;São Paolo;Solid;24581;Visa;4444555566667770;3;2018;John Smith
Boston;Rome;Jeff Gordon;158 Fifth Avenue;Boston;Solid;24581;Master;5555111122223330;4;2019;Jeff Gordon
Portland;London;John Smith;86 John street;Portland;Solid;24581;Visa;4444555566667770;5;2020;John Smith
San Diego;Berlin;Jeff Gordon;159 Fifth Avenue;San Diego;Solid;24581;Master;5555111122223330;6;2021;Jeff Gordon
Mexico City;New York;John Smith;86 John street;Mexico City;Solid;24581;Visa;4444555566667770;7;2022;John Smith
São Paolo;Dublin;Jeff Gordon;159 Fifth Avenue;São Paolo;Solid;24581;Master;5555111122223330;8;2023;Jeff Gordon
Paris;Cairo;John Smith;87 John street;Paris;Solid;24581;Visa;4444555566667770;9;2024;John Smith
Paris;Rome;Jeff Gordon;160 Fifth Avenue;Paris;Solid;24581;Master;5555111122223330;10;2025;Jeff Gordon
Philadelphia;London;John Smith;87 John street;Philadelphia;Solid;24581;Visa;4444555566667770;11;2026;John Smith
Boston;Berlin;Jeff Gordon;160 Fifth Avenue;Boston;Solid;24581;Master;5555111122223330;12;2027;Jeff Gordon
Portland;New York;John Smith;88 John street;Portland;Solid;24581;Visa;4444555566667770;1;2016;John Smith
San Diego;Dublin;Jeff Gordon;161 Fifth Avenue;San Diego;Solid;24581;Master;5555111122223330;2;2017;Jeff Gordon
Mexico City;Cairo;John Smith;88 John street;Mexico City;Solid;24581;Visa;4444555566667770;3;2018;John Smith
São Paolo;Rome;Jeff Gordon;161 Fifth Avenue;São Paolo;Solid;24581;Master;5555111122223330;4;2019;Jeff Gordon
Paris;Buenos Aires;John Smith;89 John street;Paris;Solid;24581;Visa;4444555566667770;5;2020;John Smith
Philadelphia;Rome;Jeff Gordon;162 Fifth Avenue;Philadelphia;Solid;24581;Master;5555111122223330;6;2021;Jeff Gordon
Boston;London;John Smith;89 John street;Boston;Solid;24581;Visa;4444555566667770;7;2022;John Smith
Portland;Berlin;Jeff Gordon;162 Fifth Avenue;Portland;Solid;24581;Master;5555111122223330;8;2023;Jeff Gordon
San Diego;New York;John Smith;90 John street;San Diego;Solid;24581;Visa;4444555566667770;9;2024;John Smith
Mexico City;Dublin;Jeff Gordon;163 Fifth Avenue;Mexico City;Solid;24581;Master;5555111122223330;10;2025;Jeff Gordon
São Paolo;Cairo;John Smith;90 John street;São Paolo;Solid;24581;Visa;4444555566667770;11;2026;John Smith
Paris;Rome;Jeff Gordon;163 Fifth Avenue;Paris;Solid;24581;Master;5555111122223330;12;2027;Jeff Gordon
Paris;Buenos Aires;John Smith;91 John street;Paris;Solid;24581;Visa;4444555566667770;1;2016;John Smith
Philadelphia;Rome;Jeff Gordon;164 Fifth Avenue;Philadelphia;Solid;24581;Master;5555111122223330;2;2017;Jeff Gordon
Boston;London;John Smith;91 John street;Boston;Solid;24581;Visa;4444555566667770;3;2018;John Smith
Portland;Berlin;Jeff Gordon;164 Fifth Avenue;Portland;Solid;24581;Master;5555111122223330;4;2019;Jeff Gordon
San Diego;New York;John Smith;92 John street;San Diego;Solid;24581;Visa;4444555566667770;5;2020;John Smith
Mexico City;Dublin;Jeff Gordon;165 Fifth Avenue;Mexico City;Solid;24581;Master;5555111122223330;6;2021;Jeff Gordon
São Paolo;Cairo;John Smith;92 John street;São Paolo;Solid;24581;Visa;4444555566667770;7;2022;John Smith
Boston;Rome;Jeff Gordon;165 Fifth Avenue;Boston;Solid;24581;Master;5555111122223330;8;2023;Jeff Gordon
Portland;Buenos Aires;John Smith;93 John street;Portland;Solid;24581;Visa;4444555566667770;9;2024;John Smith
San Diego;Rome;Jeff Gordon;166 Fifth Avenue;San Diego;Solid;24581;Master;5555111122223330;10;2025;Jeff Gordon
Mexico City;London;John Smith;93 John street;Mexico City;Solid;24581;Visa;4444555566667770;11;2026;John Smith
São Paolo;Berlin;Jeff Gordon;166 Fifth Avenue;São Paolo;Solid;24581;Master;5555111122223330;12;2027;Jeff Gordon
Paris;New York;John Smith;94 John street;Paris;Solid;24581;Visa;4444555566667770;1;2016;John Smith
Paris;Dublin;Jeff Gordon;167 Fifth Avenue;Paris;Solid;24581;Master;5555111122223330;2;2017;Jeff Gordon
Philadelphia;Cairo;John Smith;94 John street;Philadelphia;Solid;24581;Visa;4444555566667770;3;2018;John Smith
Boston;Rome;Jeff Gordon;167 Fifth Avenue;Boston;Solid;24581;Master;5555111122223330;4;2019;Jeff Gordon
Portland;Buenos Aires;John Smith;95 John street;Portland;Solid;24581;Visa;4444555566667770;5;2020;John Smith
San Diego;Rome;Jeff Gordon;168 Fifth Avenue;San Diego;Solid;24581;Master;5555111122223330;6;2021;Jeff Gordon
Mexico City;London;John Smith;95 John street;Mexico City;Solid;24581;Visa;4444555566667770;7;2022;John Smith
São Paolo;Berlin;Jeff Gordon;168 Fifth Avenue;São Paolo;Solid;24581;Master;5555111122223330;8;2023;Jeff Gordon
Mexico City;New York;John Smith;96 John street;Mexico City;Solid;24581;Visa;4444555566667770;9;2024;John Smith
São Paolo;Dublin;Jeff Gordon;169 Fifth Avenue;São Paolo;Solid;24581;Master;5555111122223330;10;2025;Jeff Gordon
Paris;Cairo;John Smith;96 John street;Paris;Solid;24581;Visa;4444555566667770;11;2026;John Smith
Paris;Rome;Jeff Gordon;169 Fifth Avenue;Paris;Solid;24581;Master;5555111122223330;12;2027;Jeff Gordon
Philadelphia;Buenos Aires;John Smith;97 John street;Philadelphia;Solid;24581;Visa;4444555566667770;1;2016;John Smith
Boston;Rome;Jeff Gordon;170 Fifth Avenue;Boston;Solid;24581;Master;5555111122223330;2;2017;Jeff Gordon
Portland;London;John Smith;97 John street;Portland;Solid;24581;Visa;4444555566667770;3;2018;John Smith
San Diego;Berlin;Jeff Gordon;170 Fifth Avenue;San Diego;Solid;24581;Master;5555111122223330;4;2019;Jeff Gordon
Mexico City;New York;John Smith;98 John street;Mexico City;Solid;24581;Visa;4444555566667770;5;2020;John Smith
São Paolo;Dublin;Jeff Gordon;171 Fifth Avenue;São Paolo;Solid;24581;Master;5555111122223330;6;2021;Jeff Gordon
Boston;Cairo;John Smith;98 John street;Boston;Solid;24581;Visa;4444555566667770;7;2022;John Smith
Portland;Rome;Jeff Gordon;171 Fifth Avenue;Portland;Solid;24581;Master;5555111122223330;8;2023;Jeff Gordon
San Diego;Buenos Aires;John Smith;99 John street;San Diego;Solid;24581;Visa;4444555566667770;9;2024;John Smith
Mexico City;Rome;Jeff Gordon;172 Fifth Avenue;Mexico City;Solid;24581;Master;5555111122223330;10;2025;Jeff Gordon
São Paolo;London;John Smith;99 John street;São Paolo;Solid;24581;Visa;4444555566667770;11;2026;John Smith
Paris;Berlin;Jeff Gordon;172 Fifth Avenue;Paris;Solid;24581;Master;5555111122223330;12;2027;Jeff Gordon
Paris;New York;John Smith;100 John street;Paris;Solid;24581;Visa;4444555566667770;1;2016;John Smith
Philadelphia;Dublin;Jeff Gordon;173 Fifth Avenue;Philadelphia;Solid;24581;Master;5555111122223330;2;2017;Jeff Gordon
Boston;Cairo;John Smith;100 John street;Boston;Solid;24581;Visa;4444555566667770;3;2018;John Smith
Portland;Rome;Jeff Gordon;173 Fifth Avenue;Portland;Solid;24581;Master;5555111122223330;4;2019;Jeff Gordon
San Diego;Buenos Aires;John Smith;101 John street;San Diego;Solid;24581;Visa;4444555566667770;5;2020;John Smith
Mexico City;Rome;Jeff Gordon;174 Fifth Avenue;Mexico City;Solid;24581;Master;5555111122223330;6;2021;Jeff Gordon
São Paolo;London;John Smith;101 John street;São Paolo;Solid;24581;Visa;4444555566667770;7;2022;John Smith
Paris;Berlin;Jeff Gordon;174 Fifth Avenue;Paris;Solid;24581;Master;5555111122223330;8;2023;Jeff Gordon
Philadelphia;New York;John Smith;102 John street;Philadelphia;Solid;24581;Visa;4444555566667770;9;2024;John Smith
Boston;Dublin;Jeff Gordon;175 Fifth Avenue;Boston;Solid;24581;Master;5555111122223330;10;2025;Jeff Gordon
Portland;Cairo;John Smith;102 John street;Portland;Solid;24581;Visa;4444555566667770;11;2026;John Smith
San Diego;Rome;Jeff Gordon;175 Fifth Avenue;San Diego;Solid;24581;Master;5555111122223330;12;2027;Jeff Gordon
Mexico City;Buenos Aires;John Smith;103 John street;Mexico City;Solid;24581;Visa;4444555566667770;1;2016;John Smith
São Paolo;Rome;Jeff Gordon;176 Fifth Avenue;São Paolo;Solid;24581;Master;5555111122223330;2;2017;Jeff Gordon
Paris;London;John Smith;103 John street;Paris;Solid;24581;Visa;4444555566667770;3;2018;John Smith
Paris;Berlin;Jeff Gordon;176 Fifth Avenue;Paris;Solid;24581;Master;5555111122223330;4;2019;Jeff Gordon
Philadelphia;New York;John Smith;104 John street;Philadelphia;Solid;24581;Visa;4444555566667770;5;2020;John Smith
Boston;Dublin;Jeff Gordon;177 Fifth Avenue;Boston;Solid;24581;Master;5555111122223330;6;2021;Jeff Gordon
Portland;Cairo;John Smith;104 John street;Portland;Solid;24581;Visa;4444555566667770;7;2022;John Smith
San Diego;Rome;Jeff Gordon;177 Fifth Avenue;San Diego;Solid;24581;Master;5555111122223330;8;2023;Jeff Gordon
Mexico City;Buenos Aires;John Smith;105 John street;Mexico City;Solid;24581;Visa;4444555566667770;9;2024;John Smith
São Paolo;Rome;Jeff Gordon;178 Fifth Avenue;São Paolo;Solid;24581;Master;5555111122223330;10;2025;Jeff Gordon
Boston;London;John Smith;105 John street;Boston;Solid;24581;Visa;4444555566667770;11;2026;John Smith
Portland;Berlin;Jeff Gordon;178 Fifth Avenue;Portland;Solid;24581;Master;5555111122223330;12;2027;Jeff Gordon
San Diego;New York;John Smith;106 John street;San Diego;Solid;24581;Visa;4444555566667770;1;2016;John Smith
Mexico City;Dublin;Jeff Gordon;179 Fifth Avenue;Mexico City;Solid;24581;Master;5555111122223330;2;2017;Jeff Gordon
São Paolo;Cairo;John Smith;106 John street;São Paolo;Solid;24581;Visa;4444555566667770;3;2018;John Smith
Paris;Rome;Jeff Gordon;179 Fifth Avenue;Paris;Solid;24581;Master;5555111122223330;4;2019;Jeff Gordon
Paris;Buenos Aires;John Smith;107 John street;Paris;Solid;24581;Visa;4444555566667770;5;2020;John Smith
Philadelphia;Rome;Jeff Gordon;180 Fifth Avenue;Philadelphia;Solid;24581;Master;5555111122223330;6;2021;Jeff Gordon
Boston;London;John Smith;107 John street;Boston;Solid;24581;Visa;4444555566667770;7;2022;John Smith
Portland;Berlin;Jeff Gordon;180 Fifth Avenue;Portland;Solid;24581;Master;5555111122223330;8;2023;Jeff Gordon
San Diego;New York;John Smith;108 John street;San Diego;Solid;24581;Visa;4444555566667770;9;2024;John Smith
Mexico City;Dublin;Jeff Gordon;181 Fifth Avenue;Mexico City;Solid;24581;Master;5555111122223330;10;2025;Jeff Gordon
São Paolo;Cairo;John Smith;108 John street;São Paolo;Solid;24581;Visa;4444555566667770;11;2026;John Smith
Portland;Rome;Jeff Gordon;181 Fifth Avenue;Portland;Solid;24581;Master;5555111122223330;12;2027;Jeff Gordon
San Diego;Buenos Aires;John Smith;109 John street;San Diego;Solid;24581;Visa;4444555566667770;1;2016;John Smith
Mexico City;Rome;Jeff Gordon;182 Fifth Avenue;Mexico City;Solid;24581;Master;5555111122223330;2;2017;Jeff Gordon
São Paolo;London;John Smith;109 John street;São Paolo;Solid;24581;Visa;4444555566667770;3;2018;John Smith
Paris;Berlin;Jeff Gordon;182 Fifth Avenue;Paris;Solid;24581;Master;5555111122223330;4;2019;Jeff Gordon
Paris;New York;John Smith;110 John street;Paris;Solid;24581;Visa;4444555566667770;5;2020;John Smith
Philadelphia;Dublin;Jeff Gordon;183 Fifth Avenue;Philadelphia;Solid;24581;Master;5555111122223330;6;2021;Jeff Gordon
Boston;Cairo;John Smith;110 John street;Boston;Solid;24581;Visa;4444555566667770;7;2022;John Smith
Portland;Rome;Jeff Gordon;183 Fifth Avenue;Portland;Solid;24581;Master;5555111122223330;8;2023;Jeff Gordon
San Diego;Buenos Aires;John Smith;111 John street;San Diego;Solid;24581;Visa;4444555566667770;9;2024;John Smith
Mexico City;Rome;Jeff Gordon;184 Fifth Avenue;Mexico City;Solid;24581;Master;5555111122223330;10;2025;Jeff Gordon
São Paolo;London;John Smith;111 John street;São Paolo;Solid;24581;Visa;4444555566667770;11;2026;John Smith
Boston;Berlin;Jeff Gordon;184 Fifth Avenue;Boston;Solid;24581;Master;5555111122223330;12;2027;Jeff Gordon
Portland;New York;John Smith;112 John street;Portland;Solid;24581;Visa;4444555566667770;1;2016;John Smith
San Diego;Dublin;Jeff Gordon;185 Fifth Avenue;San Diego;Solid;24581;Master;5555111122223330;2;2017;Jeff Gordon
Mexico City;Cairo;John Smith;112 John street;Mexico City;Solid;24581;Visa;4444555566667770;3;2018;John Smith
São Paolo;Rome;Jeff Gordon;185 Fifth Avenue;São Paolo;Solid;24581;Master;5555111122223330;4;2019;Jeff Gordon
Paris;London;John Smith;113 John street;Paris;Solid;24581;Visa;4444555566667770;5;2020;John Smith
Paris;Berlin;Jeff Gordon;186 Fifth Avenue;Paris;Solid;24581;Master;5555111122223330;6;2021;Jeff Gordon
Philadelphia;New York;John Smith;113 John street;Philadelphia;Solid;24581;Visa;4444555566667770;7;2022;John Smith
Boston;Dublin;Jeff Gordon;186 Fifth Avenue;Boston;Solid;24581;Master;5555111122223330;8;2023;Jeff Gordon
Portland;Cairo;John Smith;114 John street;Portland;Solid;24581;Visa;4444555566667770;9;2024;John Smith
San Diego;Rome;Jeff Gordon;187 Fifth Avenue;San Diego;Solid;24581;Master;5555111122223330;10;2025;Jeff Gordon
Mexico City;Buenos Aires;John Smith;114 John street;Mexico City;Solid;24581;Visa;4444555566667770;11;2026;John Smith
São Paolo;Rome;Jeff Gordon;187 Fifth Avenue;São Paolo;Solid;24581;Master;5555111122223330;12;2027;Jeff Gordon
São Paolo;London;John Smith;115 John street;São Paolo;Solid;24581;Visa;4444555566667770;1;2016;John Smith
Portland;Berlin;Jeff Gordon;188 Fifth Avenue;Portland;Solid;24581;Master;5555111122223330;2;2017;Jeff Gordon
San Diego;New York;John Smith;115 John street;San Diego;Solid;24581;Visa;4444555566667770;3;2018;John Smith
Mexico City;Dublin;Jeff Gordon;188 Fifth Avenue;Mexico City;Solid;24581;Master;5555111122223330;4;2019;Jeff Gordon
São Paolo;Cairo;John Smith;116 John street;São Paolo;Solid;24581;Visa;4444555566667770;5;2020;John Smith
Paris;Rome;Jeff Gordon;189 Fifth Avenue;Paris;Solid;24581;Master;5555111122223330;6;2021;Jeff Gordon
Paris;Buenos Aires;John Smith;116 John street;Paris;Solid;24581;Visa;4444555566667770;7;2022;John Smith
Philadelphia;Rome;Jeff Gordon;189 Fifth Avenue;Philadelphia;Solid;24581;Master;5555111122223330;8;2023;Jeff Gordon
Boston;London;John Smith;117 John street;Boston;Solid;24581;Visa;4444555566667770;9;2024;John Smith
Portland;Berlin;Jeff Gordon;190 Fifth Avenue;Portland;Solid;24581;Master;5555111122223330;10;2025;Jeff Gordon
San Diego;New York;John Smith;117 John street;San Diego;Solid;24581;Visa;4444555566667770;11;2026;John Smith
Mexico City;Dublin;Jeff Gordon;190 Fifth Avenue;Mexico City;Solid;24581;Master;5555111122223330;12;2027;Jeff Gordon
São Paolo;Cairo;John Smith;118 John street;São Paolo;Solid;24581;Visa;4444555566667770;1;2016;John Smith
Boston;Rome;Jeff Gordon;191 Fifth Avenue;Boston;Solid;24581;Master;5555111122223330;2;2017;Jeff Gordon
Portland;Buenos Aires;John Smith;118 John street;Portland;Solid;24581;Visa;4444555566667770;3;2018;John Smith
San Diego;Rome;Jeff Gordon;191 Fifth Avenue;San Diego;Solid;24581;Master;5555111122223330;4;2019;Jeff Gordon
Mexico City;London;John Smith;119 John street;Mexico City;Solid;24581;Visa;4444555566667770;5;2020;John Smith
São Paolo;Berlin;Jeff Gordon;192 Fifth Avenue;São Paolo;Solid;24581;Master;5555111122223330;6;2021;Jeff Gordon
Paris;New York;John Smith;119 John street;Paris;Solid;24581;Visa;4444555566667770;7;2022;John Smith
Paris;Dublin;Jeff Gordon;192 Fifth Avenue;Paris;Solid;24581;Master;5555111122223330;8;2023;Jeff Gordon
Philadelphia;Cairo;John Smith;120 John street;Philadelphia;Solid;24581;Visa;4444555566667770;9;2024;John Smith
Boston;Rome;Jeff Gordon;193 Fifth Avenue;Boston;Solid;24581;Master;5555111122223330;10;2025;Jeff Gordon
Portland;Buenos Aires;John Smith;120 John street;Portland;Solid;24581;Visa;4444555566667770;11;2026;John Smith
San Diego;Rome;Jeff Gordon;193 Fifth Avenue;San Diego;Solid;24581;Master;5555111122223330;12;2027;Jeff Gordon
Mexico City;London;John Smith;121 John street;Mexico City;Solid;24581;Visa;4444555566667770;1;2016;John Smith
São Paolo;Berlin;Jeff Gordon;194 Fifth Avenue;São Paolo;Solid;24581;Master;5555111122223330;2;2017;Jeff Gordon
São Paolo;New York;John Smith;121 John street;São Paolo;Solid;24581;Visa;4444555566667770;3;2018;John Smith
Portland;Dublin;Jeff Gordon;194 Fifth Avenue;Portland;Solid;24581;Master;5555111122223330;4;2019;Jeff Gordon
San Diego;Cairo;John Smith;122 John street;San Diego;Solid;24581;Visa;4444555566667770;5;2020;John Smith
Mexico City;Rome;Jeff Gordon;195 Fifth Avenue;Mexico City;Solid;24581;Master;5555111122223330;6;2021;Jeff Gordon
São Paolo;New York;John Smith;122 John street;São Paolo;Solid;24581;Visa;4444555566667770;7;2022;John Smith
Paris;Dublin;Jeff Gordon;195 Fifth Avenue;Paris;Solid;24581;Master;5555111122223330;8;2023;Jeff Gordon
Paris;Cairo;John Smith;123 John street;Paris;Solid;24581;Visa;4444555566667770;9;2024;John Smith
Philadelphia;Rome;Jeff Gordon;196 Fifth Avenue;Philadelphia;Solid;24581;Master;5555111122223330;10;2025;Jeff Gordon
Boston;Buenos Aires;John Smith;123 John street;Boston;Solid;24581;Visa;4444555566667770;11;2026;John Smith
Portland;Rome;Jeff Gordon;196 Fifth Avenue;Portland;Solid;24581;Master;5555111122223330;12;2027;Jeff Gordon
San Diego;London;John Smith;124 John street;San Diego;Solid;24581;Visa;4444555566667770;1;2016;John Smith
Mexico City;Berlin;Jeff Gordon;197 Fifth Avenue;Mexico City;Solid;24581;Master;5555111122223330;2;2017;Jeff Gordon
São Paolo;New York;John Smith;124 John street;São Paolo;Solid;24581;Visa;4444555566667770;3;2018;John Smith
Boston;Dublin;Jeff Gordon;197 Fifth Avenue;Boston;Solid;24581;Master;5555111122223330;4;2019;Jeff Gordon
Portland;Cairo;John Smith;125 John street;Portland;Solid;24581;Visa;4444555566667770;5;2020;John Smith
San Diego;Rome;Jeff Gordon;198 Fifth Avenue;San Diego;Solid;24581;Master;5555111122223330;6;2021;Jeff Gordon
Mexico City;Buenos Aires;John Smith;125 John street;Mexico City;Solid;24581;Visa;4444555566667770;7;2022;John Smith
São Paolo;Rome;Jeff Gordon;198 Fifth Avenue;São Paolo;Solid;24581;Master;5555111122223330;8;2023;Jeff Gordon
Paris;London;John Smith;126 John street;Paris;Solid;24581;Visa;4444555566667770;9;2024;John Smith
Paris;Berlin;Jeff Gordon;199 Fifth Avenue;Paris;Solid;24581;Master;5555111122223330;10;2025;Jeff Gordon
Philadelphia;New York;John Smith;126 John street;Philadelphia;Solid;24581;Visa;4444555566667770;11;2026;John Smith
Boston;Dublin;Jeff Gordon;199 Fifth Avenue;Boston;Solid;24581;Master;5555111122223330;12;2027;Jeff Gordon
Portland;Cairo;John Smith;127 John street;Portland;Solid;24581;Visa;4444555566667770;1;2016;John Smith
San Diego;Rome;Jeff Gordon;200 Fifth Avenue;San Diego;Solid;24581;Master;5555111122223330;2;2017;Jeff Gordon
Mexico City;Buenos Aires;John Smith;127 John street;Mexico City;Solid;24581;Visa;4444555566667770;3;2018;John Smith
São Paolo;Rome;Jeff Gordon;200 Fifth Avenue;São Paolo;Solid;24581;Master;5555111122223330;4;2019;Jeff Gordon
São Paolo;London;John Smith;128 John street;São Paolo;Solid;24581;Visa;4444555566667770;5;2020;John Smith
Portland;Berlin;Jeff Gordon;201 Fifth Avenue;Portland;Solid;24581;Master;5555111122223330;6;2021;Jeff Gordon
San Diego;New York;John Smith;128 John street;San Diego;Solid;24581;Visa;4444555566667770;7;2022;John Smith
Mexico City;Dublin;Jeff Gordon;201 Fifth Avenue;Mexico City;Solid;24581;Master;5555111122223330;8;2023;Jeff Gordon
São Paolo;Cairo;John Smith;129 John street;São Paolo;Solid;24581;Visa;4444555566667770;9;2024;John Smith
Paris;Rome;Jeff Gordon;202 Fifth Avenue;Paris;Solid;24581;Master;5555111122223330;10;2025;Jeff Gordon
Paris;Buenos Aires;John Smith;129 John street;Paris;Solid;24581;Visa;4444555566667770;11;2026;John Smith
Philadelphia;Rome;Jeff Gordon;202 Fifth Avenue;Philadelphia;Solid;24581;Master;5555111122223330;12;2027;Jeff Gordon
Boston;London;John Smith;130 John street;Boston;Solid;24581;Visa;4444555566667770;1;2016;John Smith
Portland;Berlin;Jeff Gordon;203 Fifth Avenue;Portland;Solid;24581;Master;5555111122223330;2;2017;Jeff Gordon
San Diego;New York;John Smith;130 John street;San Diego;Solid;24581;Visa;4444555566667770;3;2018;John Smith
Mexico City;Dublin;Jeff Gordon;203 Fifth Avenue;Mexico City;Solid;24581;Master;5555111122223330;4;2019;Jeff Gordon
São Paolo;Cairo;John Smith;131 John street;São Paolo;Solid;24581;Visa;4444555566667770;5;2020;John Smith
Boston;Rome;Jeff Gordon;204 Fifth Avenue;Boston;Solid;24581;Master;5555111122223330;6;2021;Jeff Gordon
Portland;Buenos Aires;John Smith;131 John street;Portland;Solid;24581;Visa;4444555566667770;7;2022;John Smith
San Diego;Rome;Jeff Gordon;204 Fifth Avenue;San Diego;Solid;24581;Master;5555111122223330;8;2023;Jeff Gordon
Mexico City;London;John Smith;132 John street;Mexico City;Solid;24581;Visa;4444555566667770;9;2024;John Smith
São Paolo;Berlin;Jeff Gordon;205 Fifth Avenue;São Paolo;Solid;24581;Master;5555111122223330;10;2025;Jeff Gordon
Paris;New York;John Smith;132 John street;Paris;Solid;24581;Visa;4444555566667770;11;2026;John Smith
Paris;Dublin;Jeff Gordon;205 Fifth Avenue;Paris;Solid;24581;Master;5555111122223330;12;2027;Jeff Gordon
Philadelphia;Cairo;John Smith;133 John street;Philadelphia;Solid;24581;Visa;4444555566667770;1;2016;John Smith
Boston;Rome;Jeff Gordon;206 Fifth Avenue;Boston;Solid;24581;Master;5555111122223330;2;2017;Jeff Gordon
Portland;Buenos Aires;John Smith;133 John street;Portland;Solid;24581;Visa;4444555566667770;3;2018;John Smith
San Diego;Rome;Jeff Gordon;206 Fifth Avenue;San Diego;Solid;24581;Master;5555111122223330;4;2019;Jeff Gordon
Mexico City;London;John Smith;134 John street;Mexico City;Solid;24581;Visa;4444555566667770;5;2020;John Smith
São Paolo;Berlin;Jeff Gordon;207 Fifth Avenue;São Paolo;Solid;24581;Master;5555111122223330;6;2021;Jeff Gordon
São Paolo;New York;John Smith;134 John street;São Paolo;Solid;24581;Visa;4444555566667770;7;2022;John Smith
Portland;Dublin;Jeff Gordon;207 Fifth Avenue;Portland;Solid;24581;Master;5555111122223330;8;2023;Jeff Gordon
San Diego;Cairo;John Smith;135 John street;San Diego;Solid;24581;Visa;4444555566667770;9;2024;John Smith
Mexico City;Rome;Jeff Gordon;208 Fifth Avenue;Mexico City;Solid;24581;Master;5555111122223330;10;2025;Jeff Gordon
São Paolo;London;John Smith;135 John street;São Paolo;Solid;24581;Visa;4444555566667770;11;2026;John Smith
Paris;Berlin;Jeff Gordon;208 Fifth Avenue;Paris;Solid;24581;Master;5555111122223330;12;2027;Jeff Gordon
Paris;New York;John Smith;136 John street;Paris;Solid;24581;Visa;4444555566667770;1;2016;John Smith
Philadelphia;Dublin;Jeff Gordon;209 Fifth Avenue;Philadelphia;Solid;24581;Master;5555111122223330;2;2017;Jeff Gordon
Boston;Cairo;John Smith;136 John street;Boston;Solid;24581;Visa;4444555566667770;3;2018;John Smith
Portland;Rome;Jeff Gordon;209 Fifth Avenue;Portland;Solid;24581;Master;5555111122223330;4;2019;Jeff Gordon
San Diego;Buenos Aires;John Smith;137 John street;San Diego;Solid;24581;Visa;4444555566667770;5;2020;John Smith
Mexico City;Rome;Jeff Gordon;210 Fifth Avenue;Mexico City;Solid;24581;Master;5555111122223330;6;2021;Jeff Gordon
São Paolo;London;John Smith;137 John street;São Paolo;Solid;24581;Visa;4444555566667770;7;2022;John Smith
Boston;Berlin;Jeff Gordon;210 Fifth Avenue;Boston;Solid;24581;Master;5555111122223330;8;2023;Jeff Gordon
Portland;New York;John Smith;138 John street;Portland;Solid;24581;Visa;4444555566667770;9;2024;John Smith
San Diego;Dublin;Jeff Gordon;211 Fifth Avenue;San Diego;Solid;24581;Master;5555111122223330;10;2025;Jeff Gordon
Mexico City;Cairo;John Smith;138 John street;Mexico City;Solid;24581;Visa;4444555566667770;11;2026;John Smith
São Paolo;Rome;Jeff Gordon;211 Fifth Avenue;São Paolo;Solid;24581;Master;5555111122223330;12;2027;Jeff Gordon
Paris;Buenos Aires;John Smith;139 John street;Paris;Solid;24581;Visa;4444555566667770;1;2016;John Smith
Paris;Rome;Jeff Gordon;212 Fifth Avenue;Paris;Solid;24581;Master;5555111122223330;2;2017;Jeff Gordon
Philadelphia;London;John Smith;139 John street;Philadelphia;Solid;24581;Visa;4444555566667770;3;2018;John Smith
Boston;Berlin;Jeff Gordon;212 Fifth Avenue;Boston;Solid;24581;Master;5555111122223330;4;2019;Jeff Gordon
Portland;New York;John Smith;140 John street;Portland;Solid;24581;Visa;4444555566667770;5;2020;John Smith
San Diego;Dublin;Jeff Gordon;213 Fifth Avenue;San Diego;Solid;24581;Master;5555111122223330;6;2021;Jeff Gordon
Mexico City;Cairo;John Smith;140 John street;Mexico City;Solid;24581;Visa;4444555566667770;7;2022;John Smith
São Paolo;Rome;Jeff Gordon;213 Fifth Avenue;São Paolo;Solid;24581;Master;5555111122223330;8;2023;Jeff Gordon
São Paolo;Buenos Aires;John Smith;141 John street;São Paolo;Solid;24581;Visa;4444555566667770;9;2024;John Smith
Portland;Rome;Jeff Gordon;214 Fifth Avenue;Portland;Solid;24581;Master;5555111122223330;10;2025;Jeff Gordon
San Diego;London;John Smith;141 John street;San Diego;Solid;24581;Visa;4444555566667770;11;2026;John Smith
Mexico City;Berlin;Jeff Gordon;214 Fifth Avenue;Mexico City;Solid;24581;Master;5555111122223330;12;2027;Jeff Gordon
São Paolo;New York;John Smith;142 John street;São Paolo;Solid;24581;Visa;4444555566667770;1;2016;John Smith
Paris;Dublin;Jeff Gordon;215 Fifth Avenue;Paris;Solid;24581;Master;5555111122223330;2;2017;Jeff Gordon
Paris;Cairo;John Smith;142 John street;Paris;Solid;24581;Visa;4444555566667770;3;2018;John Smith
Philadelphia;Rome;Jeff Gordon;215 Fifth Avenue;Philadelphia;Solid;24581;Master;5555111122223330;4;2019;Jeff Gordon
Boston;Buenos Aires;John Smith;143 John street;Boston;Solid;24581;Visa;4444555566667770;5;2020;John Smith
Portland;Rome;Jeff Gordon;216 Fifth Avenue;Portland;Solid;24581;Master;5555111122223330;6;2021;Jeff Gordon
San Diego;London;John Smith;143 John street;San Diego;Solid;24581;Visa;4444555566667770;7;2022;John Smith
Mexico City;Berlin;Jeff Gordon;216 Fifth Avenue;Mexico City;Solid;24581;Master;5555111122223330;8;2023;Jeff Gordon
São Paolo;New York;John Smith;144 John street;São Paolo;Solid;24581;Visa;4444555566667770;9;2024;John Smith
Boston;Dublin;Jeff Gordon;217 Fifth Avenue;Boston;Solid;24581;Master;5555111122223330;10;2025;Jeff Gordon
Portland;Cairo;John Smith;144 John street;Portland;Solid;24581;Visa;4444555566667770;11;2026;John Smith
San Diego;Rome;Jeff Gordon;217 Fifth Avenue;San Diego;Solid;24581;Master;5555111122223330;12;2027;Jeff Gordon
Mexico City;New York;John Smith;145 John street;Mexico City;Solid;24581;Visa;4444555566667770;1;2016;John Smith
São Paolo;Dublin;Jeff Gordon;218 Fifth Avenue;São Paolo;Solid;24581;Master;5555111122223330;2;2017;Jeff Gordon
Paris;Cairo;John Smith;145 John street;Paris;Solid;24581;Visa;4444555566667770;3;2018;John Smith
Paris;Rome;Jeff Gordon;218 Fifth Avenue;Paris;Solid;24581;Master;5555111122223330;4;2019;Jeff Gordon
Philadelphia;Buenos Aires;John Smith;146 John street;Philadelphia;Solid;24581;Visa;4444555566667770;5;2020;John Smith
Boston;Rome;Jeff Gordon;219 Fifth Avenue;Boston;Solid;24581;Master;5555111122223330;6;2021;Jeff Gordon
Portland;London;John Smith;146 John street;Portland;Solid;24581;Visa;4444555566667770;7;2022;John Smith
San Diego;Berlin;Jeff Gordon;219 Fifth Avenue;San Diego;Solid;24581;Master;5555111122223330;8;2023;Jeff Gordon
Mexico City;New York;John Smith;147 John street;Mexico City;Solid;24581;Visa;4444555566667770;9;2024;John Smith
São Paolo;Dublin;Jeff Gordon;220 Fifth Avenue;São Paolo;Solid;24581;Master;5555111122223330;10;2025;Jeff Gordon
Boston;Cairo;John Smith;147 John street;Boston;Solid;24581;Visa;4444555566667770;11;2026;John Smith
Portland;Rome;Jeff Gordon;220 Fifth Avenue;Portland;Solid;24581;Master;5555111122223330;12;2027;Jeff Gordon
San Diego;New York;John Smith;148 John street;San Diego;Solid;24581;Visa;4444555566667770;1;2016;John Smith
Mexico City;Dublin;Jeff Gordon;221 Fifth Avenue;Mexico City;Solid;24581;Master;5555111122223330;2;2017;Jeff Gordon
São Paolo;Cairo;John Smith;148 John street;São Paolo;Solid;24581;Visa;4444555566667770;3;2018;John Smith
